user_id,signup_date,first_txn_date,num_txns,total_txn_value,device_os,used_offer,retained_30d
user_1,2023-02-21,2023-03-01,1,273.59,Android,No,No
user_2,2023-01-15,2023-01-19,2,701.42,Android,Yes,Yes
user_3,2023-03-13,2023-03-15,2,621.16,Android,No,Yes
user_4,2023-03-02,2023-03-06,2,772.6,Android,Yes,Yes
user_5,2023-01-21,2023-01-25,5,1469.05,Android,Yes,Yes
user_6,2023-03-24,2023-03-28,2,564.36,Android,No,Yes
user_7,2023-03-28,2023-03-30,2,538.62,Android,Yes,Yes
user_8,2023-03-16,2023-03-25,1,309.46,iOS,No,No
user_9,2023-03-16,2023-03-19,3,970.02,Android,No,Yes
user_10,2023-03-29,2023-04-06,1,324.3,Android,Yes,No
user_11,2023-01-24,2023-02-02,20,6349.2,Android,Yes,Yes
user_12,2023-01-03,2023-01-11,4,1334.2,Android,Yes,Yes
user_13,2023-01-22,2023-01-23,2,577.74,iOS,Yes,Yes
user_14,2023-02-22,2023-03-01,1,256.37,Android,Yes,No
user_15,2023-01-02,2023-01-09,4,1008.04,Android,Yes,Yes
user_16,2023-03-29,2023-04-04,3,1046.25,iOS,Yes,Yes
user_17,2023-01-30,2023-02-06,1,323.52,Android,Yes,No
user_18,2023-02-07,2023-02-09,1,207.21,Android,No,No
user_19,2023-01-02,2023-01-07,3,1064.52,Android,No,Yes
user_20,2023-03-05,2023-03-05,1,394.02,Android,No,No
user_21,2023-03-01,2023-03-07,5,1321.0,Android,Yes,Yes
user_22,2023-01-21,2023-01-21,1,316.81,Android,No,No
user_23,2023-02-02,2023-02-10,1,276.33,iOS,Yes,No
user_24,2023-03-17,2023-03-17,4,1325.68,iOS,No,Yes
user_25,2023-02-27,2023-02-27,1,241.7,Android,No,No
user_26,2023-01-22,2023-01-28,2,592.86,Android,Yes,Yes
user_27,2023-03-30,2023-03-31,1,349.07,iOS,No,No
user_28,2023-02-18,2023-02-22,1,361.79,Android,No,No
user_29,2023-02-28,2023-03-07,2,642.64,iOS,No,Yes
user_30,2023-02-11,2023-02-18,2,566.1,iOS,No,Yes
user_31,2023-03-01,2023-03-03,2,440.74,iOS,Yes,Yes
user_32,2023-03-21,2023-03-27,3,786.36,Android,Yes,Yes
user_33,2023-01-15,2023-01-17,2,553.08,Android,Yes,Yes
user_34,2023-03-03,2023-03-08,1,265.11,Android,No,No
user_35,2023-03-03,2023-03-08,1,302.98,iOS,Yes,No
user_36,2023-02-16,2023-02-18,5,1414.5500000000002,Android,No,Yes
user_37,2023-03-03,2023-03-09,3,925.83,iOS,Yes,Yes
user_38,2023-02-20,2023-02-22,2,720.26,Android,Yes,Yes
user_39,2023-02-24,2023-03-03,1,279.68,Android,Yes,No
user_40,2023-03-05,2023-03-14,1,230.86,Android,No,No
user_41,2023-01-03,2023-01-06,3,794.73,Android,Yes,Yes
user_42,2023-02-20,2023-02-20,4,1316.72,Android,Yes,Yes
user_43,2023-01-07,2023-01-10,2,667.8,Android,Yes,Yes
user_44,2023-01-21,2023-01-27,4,1281.2,iOS,Yes,Yes
user_45,2023-03-14,2023-03-17,3,1095.1200000000001,Android,Yes,Yes
user_46,2023-02-08,2023-02-13,1,290.68,Android,No,No
user_47,2023-01-18,2023-01-26,1,402.61,Android,Yes,No
user_48,2023-01-04,2023-01-04,1,340.91,iOS,Yes,No
user_49,2023-03-30,2023-04-03,1,173.83,iOS,No,No
user_50,2023-03-01,2023-03-07,4,1560.12,Android,No,Yes
user_51,2023-01-14,2023-01-14,1,261.65,iOS,No,No
user_52,2023-01-09,2023-01-12,2,496.58,iOS,Yes,Yes
user_53,2023-03-31,2023-04-05,1,326.19,Android,No,No
user_54,2023-02-22,2023-02-23,1,213.09,Android,No,No
user_55,2023-01-02,2023-01-11,1,265.23,Android,No,No
user_56,2023-03-25,2023-03-29,1,377.85,Android,Yes,No
user_57,2023-03-01,2023-03-10,2,655.62,iOS,Yes,Yes
user_58,2023-03-12,2023-03-12,1,340.61,Android,No,No
user_59,2023-02-13,2023-02-18,2,534.3,iOS,Yes,Yes
user_60,2023-01-08,2023-01-13,1,223.08,Android,Yes,No
user_61,2023-02-16,2023-02-19,1,335.34,Android,No,No
user_62,2023-02-04,2023-02-11,1,346.51,Android,No,No
user_63,2023-03-19,2023-03-22,2,688.5,Android,Yes,Yes
user_64,2023-03-22,2023-03-29,2,620.9,iOS,No,Yes
user_65,2023-02-05,2023-02-12,1,251.65,iOS,Yes,No
user_66,2023-02-19,2023-02-23,1,421.89,Android,Yes,No
user_67,2023-01-04,2023-01-07,3,971.97,Android,No,Yes
user_68,2023-01-02,2023-01-03,1,291.31,Android,Yes,No
user_69,2023-01-06,2023-01-08,1,291.53,Android,Yes,No
user_70,2023-02-23,2023-02-25,4,1229.92,Android,No,Yes
user_71,2023-01-04,2023-01-07,2,706.96,Android,Yes,Yes
user_72,2023-02-23,2023-02-26,1,309.48,Android,Yes,No
user_73,2023-03-04,2023-03-13,5,1714.65,iOS,No,Yes
user_74,2023-01-18,2023-01-22,3,922.71,Android,No,Yes
user_75,2023-03-31,2023-04-03,1,294.38,Android,No,No
user_76,2023-02-13,2023-02-22,2,664.12,Android,No,Yes
user_77,2023-02-03,2023-02-10,2,660.32,Android,Yes,Yes
user_78,2023-03-15,2023-03-20,1,291.52,Android,No,No
user_79,2023-03-03,2023-03-08,1,262.54,iOS,Yes,No
user_80,2023-01-14,2023-01-21,1,317.09,iOS,No,No
user_81,2023-02-17,2023-02-23,2,607.84,Android,Yes,Yes
user_82,2023-01-15,2023-01-24,1,272.26,Android,No,No
user_83,2023-03-13,2023-03-22,4,1031.52,Android,Yes,Yes
user_84,2023-03-19,2023-03-26,2,641.04,iOS,Yes,Yes
user_85,2023-03-28,2023-03-29,1,327.5,Android,No,No
user_86,2023-03-03,2023-03-11,2,564.0,Android,No,Yes
user_87,2023-02-09,2023-02-09,1,271.0,Android,No,No
user_88,2023-03-26,2023-04-02,2,516.98,Android,Yes,Yes
user_89,2023-03-21,2023-03-24,2,638.22,Android,Yes,Yes
user_90,2023-03-23,2023-03-26,1,259.8,iOS,No,No
user_91,2023-02-22,2023-02-26,1,412.06,Android,No,No
user_92,2023-01-24,2023-01-31,1,279.49,Android,No,No
user_93,2023-01-26,2023-01-30,1,178.74,Android,No,No
user_94,2023-03-30,2023-04-06,1,298.49,iOS,No,No
user_95,2023-03-01,2023-03-10,1,296.35,iOS,Yes,No
user_96,2023-02-10,2023-02-10,20,7111.799999999999,Android,No,Yes
user_97,2023-01-29,2023-02-07,1,314.41,iOS,No,No
user_98,2023-01-15,2023-01-23,1,258.31,Android,No,No
user_99,2023-02-14,2023-02-19,2,571.36,Android,No,Yes
user_100,2023-03-06,2023-03-08,1,316.37,Android,No,No
user_101,2023-03-30,2023-04-06,10,1917.6,Android,Yes,Yes
user_102,2023-03-12,2023-03-20,2,733.86,Android,Yes,Yes
user_103,2023-01-09,2023-01-14,3,775.3199999999999,Android,Yes,Yes
user_104,2023-03-29,2023-04-04,1,370.85,Android,No,No
user_105,2023-01-01,2023-01-01,1,319.62,iOS,No,No
user_106,2023-01-08,2023-01-12,1,331.48,Android,Yes,No
user_107,2023-03-29,2023-04-02,4,1429.88,Android,No,Yes
user_108,2023-03-04,2023-03-13,1,328.66,Android,Yes,No
user_109,2023-01-11,2023-01-14,1,333.64,iOS,Yes,No
user_110,2023-03-22,2023-03-27,20,5835.599999999999,Android,No,Yes
user_111,2023-01-08,2023-01-14,1,318.61,Android,No,No
user_112,2023-02-04,2023-02-12,1,270.63,iOS,Yes,No
user_113,2023-02-04,2023-02-04,1,282.83,Android,Yes,No
user_114,2023-02-02,2023-02-07,20,7964.6,Android,Yes,Yes
user_115,2023-01-05,2023-01-11,1,259.59,iOS,Yes,No
user_116,2023-02-10,2023-02-12,3,923.1600000000001,Android,Yes,Yes
user_117,2023-01-28,2023-02-04,3,917.01,Android,Yes,Yes
user_118,2023-01-07,2023-01-11,1,284.46,Android,Yes,No
user_119,2023-03-14,2023-03-22,2,651.44,Android,Yes,Yes
user_120,2023-03-13,2023-03-17,1,329.49,Android,Yes,No
user_121,2023-01-12,2023-01-20,1,253.71,Android,Yes,No
user_122,2023-02-03,2023-02-12,3,915.21,Android,No,Yes
user_123,2023-02-02,2023-02-05,4,983.52,Android,No,Yes
user_124,2023-02-17,2023-02-25,2,678.86,iOS,Yes,Yes
user_125,2023-01-23,2023-01-27,2,617.64,Android,Yes,Yes
user_126,2023-03-03,2023-03-12,1,304.12,Android,Yes,No
user_127,2023-03-29,2023-04-06,1,332.95,iOS,Yes,No
user_128,2023-02-06,2023-02-08,1,286.22,Android,Yes,No
user_129,2023-02-13,2023-02-16,1,345.7,Android,Yes,No
user_130,2023-03-27,2023-04-04,1,252.58,iOS,Yes,No
user_131,2023-02-04,2023-02-13,1,370.59,Android,No,No
user_132,2023-03-06,2023-03-11,1,272.45,Android,Yes,No
user_133,2023-02-16,2023-02-17,1,215.19,iOS,Yes,No
user_134,2023-03-19,2023-03-25,2,567.14,Android,No,Yes
user_135,2023-01-03,2023-01-04,4,1111.6,Android,Yes,Yes
user_136,2023-01-01,2023-01-02,1,283.2,Android,Yes,No
user_137,2023-01-05,2023-01-05,10,3115.7999999999997,Android,Yes,Yes
user_138,2023-03-31,2023-04-02,4,1419.56,Android,Yes,Yes
user_139,2023-01-14,2023-01-19,1,290.41,iOS,No,No
user_140,2023-01-27,2023-02-03,3,796.26,Android,Yes,Yes
user_141,2023-01-09,2023-01-17,2,487.34,iOS,Yes,Yes
user_142,2023-03-20,2023-03-26,2,553.18,Android,Yes,Yes
user_143,2023-01-15,2023-01-18,1,205.61,iOS,Yes,No
user_144,2023-03-31,2023-04-05,2,527.48,iOS,No,Yes
user_145,2023-02-11,2023-02-15,1,362.2,Android,No,No
user_146,2023-03-18,2023-03-25,2,517.66,Android,Yes,Yes
user_147,2023-02-20,2023-02-20,2,662.88,Android,Yes,Yes
user_148,2023-03-04,2023-03-04,2,477.36,Android,Yes,Yes
user_149,2023-02-21,2023-02-26,2,777.1,iOS,No,Yes
user_150,2023-01-04,2023-01-13,3,1175.6399999999999,iOS,Yes,Yes
user_151,2023-01-23,2023-01-24,1,329.55,Android,Yes,No
user_152,2023-01-15,2023-01-19,1,399.56,Android,Yes,No
user_153,2023-02-12,2023-02-12,4,1271.16,Android,Yes,Yes
user_154,2023-01-29,2023-02-04,1,338.43,Android,Yes,No
user_155,2023-02-05,2023-02-05,1,363.1,Android,Yes,No
user_156,2023-01-13,2023-01-16,1,308.99,iOS,Yes,No
user_157,2023-02-01,2023-02-09,1,222.38,iOS,Yes,No
user_158,2023-03-12,2023-03-12,10,3394.5,Android,Yes,Yes
user_159,2023-02-28,2023-03-03,2,552.82,Android,No,Yes
user_160,2023-03-27,2023-04-01,10,2801.2,Android,Yes,Yes
user_161,2023-01-28,2023-02-02,2,629.78,Android,Yes,Yes
user_162,2023-03-07,2023-03-14,1,328.31,Android,No,No
user_163,2023-02-11,2023-02-11,1,307.51,Android,Yes,No
user_164,2023-02-14,2023-02-20,2,663.58,iOS,No,Yes
user_165,2023-03-03,2023-03-03,1,264.66,Android,No,No
user_166,2023-02-26,2023-03-04,5,1489.3000000000002,Android,Yes,Yes
user_167,2023-01-06,2023-01-08,4,1369.8,iOS,No,Yes
user_168,2023-01-28,2023-02-04,1,388.64,iOS,Yes,No
user_169,2023-01-28,2023-01-30,10,4063.2,Android,Yes,Yes
user_170,2023-02-13,2023-02-13,4,1286.6,Android,Yes,Yes
user_171,2023-03-25,2023-04-01,2,684.0,Android,Yes,Yes
user_172,2023-01-30,2023-02-01,1,399.08,iOS,No,No
user_173,2023-03-03,2023-03-04,1,266.46,iOS,No,No
user_174,2023-03-16,2023-03-16,2,662.96,Android,No,Yes
user_175,2023-03-30,2023-04-01,1,338.42,Android,No,No
user_176,2023-03-03,2023-03-04,1,372.39,iOS,No,No
user_177,2023-01-01,2023-01-02,3,729.42,Android,No,Yes
user_178,2023-01-27,2023-02-01,1,253.03,Android,Yes,No
user_179,2023-03-03,2023-03-03,2,602.14,Android,Yes,Yes
user_180,2023-03-18,2023-03-19,10,3188.8999999999996,Android,Yes,Yes
user_181,2023-01-03,2023-01-08,4,1424.56,Android,No,Yes
user_182,2023-03-11,2023-03-13,1,325.88,iOS,Yes,No
user_183,2023-03-13,2023-03-16,4,1169.72,iOS,Yes,Yes
user_184,2023-01-27,2023-01-27,1,320.82,Android,Yes,No
user_185,2023-01-09,2023-01-16,1,315.05,Android,Yes,No
user_186,2023-03-03,2023-03-09,2,774.5,Android,Yes,Yes
user_187,2023-02-06,2023-02-12,1,308.28,Android,Yes,No
user_188,2023-02-20,2023-02-22,1,280.85,Android,No,No
user_189,2023-02-13,2023-02-22,2,644.96,iOS,Yes,Yes
user_190,2023-01-24,2023-02-02,1,309.92,Android,No,No
user_191,2023-03-20,2023-03-22,1,221.45,Android,Yes,No
user_192,2023-02-28,2023-03-01,1,299.22,Android,Yes,No
user_193,2023-02-01,2023-02-01,3,884.8799999999999,iOS,Yes,Yes
user_194,2023-03-29,2023-04-04,2,545.62,iOS,Yes,Yes
user_195,2023-02-21,2023-02-27,1,351.78,iOS,Yes,No
user_196,2023-03-03,2023-03-04,1,260.72,iOS,Yes,No
user_197,2023-02-27,2023-03-05,1,322.78,Android,Yes,No
user_198,2023-02-21,2023-02-28,1,292.61,Android,Yes,No
user_199,2023-01-12,2023-01-12,3,916.14,Android,Yes,Yes
user_200,2023-02-08,2023-02-16,1,320.59,Android,No,No
user_201,2023-01-02,2023-01-08,1,234.62,Android,No,No
user_202,2023-01-03,2023-01-05,2,619.16,Android,Yes,Yes
user_203,2023-02-25,2023-03-04,2,828.9,Android,No,Yes
user_204,2023-03-22,2023-03-28,2,444.32,Android,Yes,Yes
user_205,2023-02-28,2023-03-07,1,297.12,Android,No,No
user_206,2023-01-02,2023-01-07,1,356.16,iOS,No,No
user_207,2023-01-02,2023-01-10,1,315.08,Android,No,No
user_208,2023-02-23,2023-02-27,1,334.4,Android,Yes,No
user_209,2023-03-28,2023-03-30,2,362.44,Android,Yes,Yes
user_210,2023-01-01,2023-01-03,4,1319.64,Android,Yes,Yes
user_211,2023-01-19,2023-01-19,3,785.76,Android,Yes,Yes
user_212,2023-01-02,2023-01-09,3,946.47,Android,Yes,Yes
user_213,2023-02-22,2023-02-23,1,298.53,Android,Yes,No
user_214,2023-02-13,2023-02-15,2,827.84,Android,Yes,Yes
user_215,2023-03-31,2023-04-07,1,327.33,Android,Yes,No
user_216,2023-02-01,2023-02-08,2,588.74,Android,No,Yes
user_217,2023-03-11,2023-03-14,1,224.52,Android,No,No
user_218,2023-02-01,2023-02-04,1,306.06,Android,No,No
user_219,2023-03-09,2023-03-13,1,341.16,Android,Yes,No
user_220,2023-02-24,2023-03-01,10,2959.7000000000003,Android,No,Yes
user_221,2023-03-16,2023-03-20,1,274.72,Android,No,No
user_222,2023-02-25,2023-03-03,1,271.37,Android,Yes,No
user_223,2023-01-17,2023-01-18,1,326.76,Android,Yes,No
user_224,2023-02-07,2023-02-13,3,1013.9100000000001,Android,No,Yes
user_225,2023-01-24,2023-02-02,2,736.12,iOS,Yes,Yes
user_226,2023-03-10,2023-03-16,2,500.5,iOS,Yes,Yes
user_227,2023-03-11,2023-03-11,1,326.3,iOS,Yes,No
user_228,2023-03-27,2023-04-02,2,587.82,Android,Yes,Yes
user_229,2023-01-11,2023-01-15,1,295.39,Android,No,No
user_230,2023-01-16,2023-01-18,4,1280.36,Android,No,Yes
user_231,2023-03-14,2023-03-16,2,640.76,Android,Yes,Yes
user_232,2023-02-28,2023-03-03,1,326.44,Android,Yes,No
user_233,2023-03-11,2023-03-12,1,247.13,Android,Yes,No
user_234,2023-03-21,2023-03-22,1,262.51,iOS,Yes,No
user_235,2023-01-03,2023-01-03,1,374.29,Android,Yes,No
user_236,2023-01-20,2023-01-24,1,288.97,iOS,No,No
user_237,2023-02-28,2023-03-03,2,630.6,Android,Yes,Yes
user_238,2023-02-05,2023-02-14,1,352.73,Android,Yes,No
user_239,2023-01-19,2023-01-20,1,323.17,Android,No,No
user_240,2023-03-31,2023-04-02,1,327.33,Android,Yes,No
user_241,2023-03-08,2023-03-14,1,344.73,iOS,No,No
user_242,2023-01-19,2023-01-25,4,776.68,Android,No,Yes
user_243,2023-01-20,2023-01-23,1,275.5,Android,No,No
user_244,2023-03-12,2023-03-16,2,646.86,iOS,Yes,Yes
user_245,2023-02-21,2023-02-25,4,1477.52,Android,Yes,Yes
user_246,2023-02-02,2023-02-07,2,606.6,iOS,Yes,Yes
user_247,2023-02-09,2023-02-17,4,1031.04,Android,Yes,Yes
user_248,2023-02-08,2023-02-09,1,259.1,Android,No,No
user_249,2023-03-23,2023-03-27,10,3441.9,Android,No,Yes
user_250,2023-01-01,2023-01-03,1,289.11,Android,No,No
user_251,2023-01-11,2023-01-14,1,299.64,Android,No,No
user_252,2023-02-26,2023-03-07,2,661.5,Android,No,Yes
user_253,2023-03-30,2023-04-04,10,1549.1999999999998,iOS,Yes,Yes
user_254,2023-02-19,2023-02-26,4,1600.08,iOS,Yes,Yes
user_255,2023-01-23,2023-01-23,1,263.45,Android,No,No
user_256,2023-01-31,2023-02-09,1,312.1,Android,Yes,No
user_257,2023-02-11,2023-02-18,10,2147.7000000000003,Android,Yes,Yes
user_258,2023-01-07,2023-01-13,1,278.87,Android,Yes,No
user_259,2023-01-16,2023-01-16,3,1086.69,Android,No,Yes
user_260,2023-03-31,2023-04-01,4,816.76,Android,Yes,Yes
user_261,2023-03-01,2023-03-03,1,356.31,Android,No,No
user_262,2023-01-02,2023-01-02,1,286.32,Android,No,No
user_263,2023-01-01,2023-01-09,1,324.36,iOS,Yes,No
user_264,2023-02-17,2023-02-24,1,332.88,Android,Yes,No
user_265,2023-01-12,2023-01-13,5,1610.35,Android,Yes,Yes
user_266,2023-03-10,2023-03-18,1,256.75,Android,No,No
user_267,2023-02-06,2023-02-12,5,1408.85,Android,No,Yes
user_268,2023-02-01,2023-02-09,1,226.92,Android,No,No
user_269,2023-01-09,2023-01-14,20,6491.799999999999,Android,Yes,Yes
user_270,2023-01-19,2023-01-24,1,385.1,iOS,Yes,No
user_271,2023-02-17,2023-02-20,1,208.78,Android,Yes,No
user_272,2023-03-21,2023-03-30,1,261.92,Android,No,No
user_273,2023-01-03,2023-01-12,3,872.73,iOS,Yes,Yes
user_274,2023-01-20,2023-01-21,2,617.34,iOS,Yes,Yes
user_275,2023-01-24,2023-01-30,4,1375.84,Android,Yes,Yes
user_276,2023-02-23,2023-02-27,1,292.39,Android,Yes,No
user_277,2023-02-02,2023-02-07,1,284.2,Android,Yes,No
user_278,2023-01-24,2023-01-25,2,710.32,Android,Yes,Yes
user_279,2023-03-16,2023-03-20,1,333.1,Android,Yes,No
user_280,2023-03-13,2023-03-22,1,326.95,Android,Yes,No
user_281,2023-02-05,2023-02-08,20,6112.6,Android,No,Yes
user_282,2023-02-07,2023-02-15,20,6983.200000000001,Android,No,Yes
user_283,2023-03-25,2023-03-30,10,2671.8,Android,Yes,Yes
user_284,2023-03-30,2023-03-31,3,781.11,Android,No,Yes
user_285,2023-01-25,2023-01-25,1,337.31,Android,Yes,No
user_286,2023-01-18,2023-01-22,1,218.75,Android,Yes,No
user_287,2023-03-23,2023-03-31,2,609.22,Android,No,Yes
user_288,2023-03-07,2023-03-12,4,1136.68,Android,No,Yes
user_289,2023-02-23,2023-03-04,1,229.71,Android,No,No
user_290,2023-02-04,2023-02-10,1,253.44,Android,Yes,No
user_291,2023-03-21,2023-03-25,1,294.55,Android,Yes,No
user_292,2023-03-02,2023-03-11,2,703.4,Android,No,Yes
user_293,2023-02-10,2023-02-15,5,1336.75,iOS,Yes,Yes
user_294,2023-02-02,2023-02-06,3,1082.01,iOS,Yes,Yes
user_295,2023-03-09,2023-03-17,1,303.16,Android,No,No
user_296,2023-02-02,2023-02-07,20,7310.4,Android,No,Yes
user_297,2023-01-14,2023-01-21,2,539.56,Android,No,Yes
user_298,2023-01-21,2023-01-22,1,297.56,Android,Yes,No
user_299,2023-02-17,2023-02-25,1,318.42,Android,No,No
user_300,2023-01-20,2023-01-24,1,291.02,iOS,Yes,No
user_301,2023-01-08,2023-01-14,1,347.65,Android,Yes,No
user_302,2023-01-07,2023-01-16,10,1896.2,Android,No,Yes
user_303,2023-03-08,2023-03-08,1,421.12,iOS,Yes,No
user_304,2023-01-17,2023-01-26,5,1714.4499999999998,iOS,Yes,Yes
user_305,2023-02-02,2023-02-06,1,291.32,iOS,No,No
user_306,2023-02-17,2023-02-26,1,272.38,Android,Yes,No
user_307,2023-03-17,2023-03-18,1,256.68,Android,Yes,No
user_308,2023-02-28,2023-03-05,1,332.28,Android,Yes,No
user_309,2023-03-27,2023-03-27,1,349.75,Android,Yes,No
user_310,2023-01-22,2023-01-24,5,1459.35,Android,Yes,Yes
user_311,2023-01-30,2023-02-03,2,710.7,Android,No,Yes
user_312,2023-02-07,2023-02-10,2,509.28,iOS,No,Yes
user_313,2023-02-20,2023-02-22,1,245.81,Android,Yes,No
user_314,2023-02-23,2023-03-04,1,390.67,Android,No,No
user_315,2023-01-08,2023-01-12,1,329.56,Android,Yes,No
user_316,2023-01-27,2023-02-03,2,739.68,Android,Yes,Yes
user_317,2023-01-27,2023-01-30,1,257.3,Android,No,No
user_318,2023-01-21,2023-01-21,1,253.82,Android,Yes,No
user_319,2023-01-30,2023-02-05,2,564.14,Android,No,Yes
user_320,2023-01-28,2023-02-04,1,258.8,iOS,Yes,No
user_321,2023-03-05,2023-03-07,1,335.27,Android,No,No
user_322,2023-03-10,2023-03-15,1,262.44,iOS,Yes,No
user_323,2023-03-02,2023-03-03,5,1207.1,Android,Yes,Yes
user_324,2023-02-17,2023-02-23,2,614.2,Android,Yes,Yes
user_325,2023-01-19,2023-01-26,1,235.5,Android,No,No
user_326,2023-01-04,2023-01-09,1,210.03,Android,Yes,No
user_327,2023-02-04,2023-02-09,20,6133.200000000001,Android,No,Yes
user_328,2023-03-05,2023-03-09,2,425.08,Android,Yes,Yes
user_329,2023-02-18,2023-02-25,1,338.76,iOS,Yes,No
user_330,2023-01-17,2023-01-17,4,920.92,iOS,Yes,Yes
user_331,2023-02-13,2023-02-22,1,187.97,Android,No,No
user_332,2023-01-30,2023-02-02,2,570.62,iOS,No,Yes
user_333,2023-02-15,2023-02-18,2,614.46,Android,Yes,Yes
user_334,2023-01-06,2023-01-08,1,324.57,iOS,No,No
user_335,2023-02-06,2023-02-08,20,6172.0,Android,Yes,Yes
user_336,2023-01-24,2023-01-27,3,741.09,Android,No,Yes
user_337,2023-02-15,2023-02-15,2,671.3,iOS,No,Yes
user_338,2023-02-22,2023-02-23,1,348.01,Android,Yes,No
user_339,2023-03-01,2023-03-09,1,239.71,iOS,Yes,No
user_340,2023-03-04,2023-03-13,1,290.95,Android,No,No
user_341,2023-03-26,2023-03-27,3,858.8399999999999,Android,No,Yes
user_342,2023-02-01,2023-02-05,1,311.02,Android,Yes,No
user_343,2023-03-28,2023-04-05,2,579.5,Android,Yes,Yes
user_344,2023-02-02,2023-02-10,3,889.83,Android,Yes,Yes
user_345,2023-03-08,2023-03-15,1,332.09,iOS,Yes,No
user_346,2023-01-18,2023-01-18,2,488.62,Android,No,Yes
user_347,2023-01-25,2023-01-25,1,336.87,iOS,No,No
user_348,2023-02-23,2023-03-03,10,3570.6,iOS,Yes,Yes
user_349,2023-02-27,2023-03-06,1,381.71,Android,Yes,No
user_350,2023-03-08,2023-03-17,1,192.83,iOS,Yes,No
user_351,2023-02-15,2023-02-23,1,290.85,iOS,Yes,No
user_352,2023-01-24,2023-01-30,1,201.74,iOS,Yes,No
user_353,2023-02-01,2023-02-03,3,534.75,iOS,Yes,Yes
user_354,2023-02-16,2023-02-18,3,921.5999999999999,iOS,Yes,Yes
user_355,2023-03-27,2023-03-28,2,560.08,Android,Yes,Yes
user_356,2023-01-23,2023-01-27,1,314.99,Android,Yes,No
user_357,2023-03-07,2023-03-09,1,324.31,iOS,Yes,No
user_358,2023-01-27,2023-02-01,1,362.39,Android,Yes,No
user_359,2023-01-02,2023-01-03,2,605.4,Android,Yes,Yes
user_360,2023-03-31,2023-04-02,4,1784.68,Android,Yes,Yes
user_361,2023-01-17,2023-01-21,1,315.32,iOS,Yes,No
user_362,2023-02-02,2023-02-02,1,392.12,Android,Yes,No
user_363,2023-01-09,2023-01-09,2,366.72,iOS,No,Yes
user_364,2023-02-12,2023-02-21,4,1469.96,Android,No,Yes
user_365,2023-02-17,2023-02-25,3,872.8799999999999,Android,No,Yes
user_366,2023-02-08,2023-02-14,5,1012.9000000000001,Android,Yes,Yes
user_367,2023-02-11,2023-02-11,1,321.03,Android,No,No
user_368,2023-01-26,2023-02-02,1,284.85,Android,No,No
user_369,2023-02-19,2023-02-21,4,1316.0,iOS,Yes,Yes
user_370,2023-01-25,2023-02-01,2,701.1,iOS,Yes,Yes
user_371,2023-01-24,2023-01-28,1,225.54,Android,No,No
user_372,2023-01-13,2023-01-13,3,1052.25,Android,Yes,Yes
user_373,2023-03-01,2023-03-07,4,1201.28,iOS,Yes,Yes
user_374,2023-01-07,2023-01-11,2,735.28,iOS,No,Yes
user_375,2023-02-26,2023-03-03,2,579.48,Android,No,Yes
user_376,2023-02-05,2023-02-10,1,276.48,Android,Yes,No
user_377,2023-02-14,2023-02-21,2,602.7,Android,Yes,Yes
user_378,2023-01-20,2023-01-28,2,610.18,iOS,Yes,Yes
user_379,2023-03-06,2023-03-07,4,1067.44,Android,No,Yes
user_380,2023-01-08,2023-01-16,4,1100.72,Android,Yes,Yes
user_381,2023-01-16,2023-01-25,4,954.64,Android,Yes,Yes
user_382,2023-01-14,2023-01-22,1,278.27,iOS,No,No
user_383,2023-03-17,2023-03-26,3,1001.46,Android,Yes,Yes
user_384,2023-03-28,2023-04-06,3,879.39,Android,No,Yes
user_385,2023-01-15,2023-01-21,2,700.9,Android,Yes,Yes
user_386,2023-03-07,2023-03-07,3,872.19,Android,Yes,Yes
user_387,2023-02-01,2023-02-07,4,913.68,Android,No,Yes
user_388,2023-03-28,2023-04-06,1,329.86,iOS,Yes,No
user_389,2023-03-04,2023-03-08,2,532.64,iOS,Yes,Yes
user_390,2023-03-27,2023-04-01,1,288.33,iOS,Yes,No
user_391,2023-02-20,2023-03-01,1,361.88,iOS,No,No
user_392,2023-01-25,2023-01-31,2,483.92,Android,No,Yes
user_393,2023-02-27,2023-03-03,3,924.72,iOS,No,Yes
user_394,2023-03-04,2023-03-10,1,297.97,Android,Yes,No
user_395,2023-03-03,2023-03-11,1,335.05,Android,Yes,No
user_396,2023-01-22,2023-01-24,2,685.52,iOS,Yes,Yes
user_397,2023-02-27,2023-03-06,1,313.19,Android,No,No
user_398,2023-02-27,2023-02-28,1,281.98,Android,Yes,No
user_399,2023-03-27,2023-04-02,1,323.67,Android,No,No
user_400,2023-02-18,2023-02-19,1,366.78,Android,Yes,No
user_401,2023-02-21,2023-02-24,1,298.64,Android,No,No
user_402,2023-02-11,2023-02-17,1,286.64,iOS,No,No
user_403,2023-03-11,2023-03-13,1,319.41,iOS,No,No
user_404,2023-01-15,2023-01-16,4,1207.76,Android,Yes,Yes
user_405,2023-02-23,2023-03-04,2,466.22,Android,Yes,Yes
user_406,2023-03-01,2023-03-07,3,935.9100000000001,Android,Yes,Yes
user_407,2023-01-08,2023-01-08,1,232.66,iOS,Yes,No
user_408,2023-02-22,2023-03-01,1,318.72,Android,Yes,No
user_409,2023-03-01,2023-03-03,3,780.42,Android,Yes,Yes
user_410,2023-01-05,2023-01-06,1,301.84,Android,Yes,No
user_411,2023-03-09,2023-03-11,1,319.53,Android,No,No
user_412,2023-01-06,2023-01-10,2,845.4,Android,No,Yes
user_413,2023-02-16,2023-02-23,2,674.28,iOS,Yes,Yes
user_414,2023-02-24,2023-03-05,1,368.24,Android,No,No
user_415,2023-02-09,2023-02-15,1,393.59,Android,Yes,No
user_416,2023-02-21,2023-02-27,2,648.92,Android,Yes,Yes
user_417,2023-01-16,2023-01-22,1,314.28,iOS,Yes,No
user_418,2023-01-13,2023-01-20,2,493.32,Android,No,Yes
user_419,2023-01-30,2023-01-30,3,882.51,Android,Yes,Yes
user_420,2023-01-19,2023-01-22,20,5277.0,Android,Yes,Yes
user_421,2023-01-17,2023-01-22,1,279.95,Android,No,No
user_422,2023-03-04,2023-03-12,4,1574.12,iOS,Yes,Yes
user_423,2023-01-19,2023-01-20,2,611.46,Android,No,Yes
user_424,2023-02-27,2023-02-27,1,256.21,iOS,No,No
user_425,2023-02-24,2023-03-05,1,368.73,Android,No,No
user_426,2023-03-31,2023-04-01,3,1043.28,iOS,Yes,Yes
user_427,2023-03-31,2023-04-06,1,350.38,Android,Yes,No
user_428,2023-03-03,2023-03-05,1,199.69,iOS,Yes,No
user_429,2023-01-23,2023-02-01,1,397.43,Android,Yes,No
user_430,2023-01-09,2023-01-10,4,1088.28,Android,Yes,Yes
user_431,2023-01-12,2023-01-18,3,1016.6999999999999,iOS,Yes,Yes
user_432,2023-01-01,2023-01-02,3,1278.57,Android,No,Yes
user_433,2023-02-27,2023-03-01,1,407.77,Android,No,No
user_434,2023-01-01,2023-01-07,1,251.12,Android,Yes,No
user_435,2023-02-03,2023-02-06,2,455.54,Android,Yes,Yes
user_436,2023-02-17,2023-02-17,1,371.52,Android,Yes,No
user_437,2023-03-30,2023-04-03,1,307.1,Android,Yes,No
user_438,2023-01-01,2023-01-09,2,549.92,Android,No,Yes
user_439,2023-01-16,2023-01-23,20,6621.2,iOS,No,Yes
user_440,2023-03-02,2023-03-10,3,875.58,Android,No,Yes
user_441,2023-03-05,2023-03-14,3,1005.21,iOS,No,Yes
user_442,2023-03-04,2023-03-12,10,3033.5,iOS,Yes,Yes
user_443,2023-03-10,2023-03-16,1,336.12,Android,No,No
user_444,2023-01-22,2023-01-25,2,510.54,Android,Yes,Yes
user_445,2023-03-08,2023-03-12,20,7424.400000000001,Android,Yes,Yes
user_446,2023-03-17,2023-03-17,1,334.88,Android,Yes,No
user_447,2023-01-26,2023-01-26,3,996.9300000000001,iOS,Yes,Yes
user_448,2023-01-16,2023-01-18,2,488.24,Android,Yes,Yes
user_449,2023-02-20,2023-02-27,2,769.96,Android,Yes,Yes
user_450,2023-03-27,2023-03-28,2,598.62,Android,No,Yes
user_451,2023-02-26,2023-03-01,5,1682.0,Android,Yes,Yes
user_452,2023-01-29,2023-01-30,3,851.58,Android,Yes,Yes
user_453,2023-03-19,2023-03-23,1,313.04,Android,Yes,No
user_454,2023-03-10,2023-03-18,4,1259.44,iOS,No,Yes
user_455,2023-02-16,2023-02-16,1,159.0,Android,Yes,No
user_456,2023-03-03,2023-03-07,1,329.12,Android,No,No
user_457,2023-03-10,2023-03-18,1,398.27,iOS,No,No
user_458,2023-03-17,2023-03-17,1,326.99,Android,Yes,No
user_459,2023-01-16,2023-01-24,1,252.11,iOS,No,No
user_460,2023-03-31,2023-04-07,10,3325.0,iOS,Yes,Yes
user_461,2023-03-31,2023-04-03,3,1058.91,iOS,Yes,Yes
user_462,2023-02-17,2023-02-26,2,651.24,iOS,No,Yes
user_463,2023-03-26,2023-03-30,1,296.29,Android,Yes,No
user_464,2023-02-08,2023-02-12,5,1439.4499999999998,iOS,Yes,Yes
user_465,2023-02-02,2023-02-07,5,1438.4,Android,Yes,Yes
user_466,2023-01-23,2023-01-29,3,1004.67,iOS,Yes,Yes
user_467,2023-01-10,2023-01-17,1,229.64,iOS,No,No
user_468,2023-03-10,2023-03-17,1,281.41,iOS,Yes,No
user_469,2023-02-03,2023-02-04,1,379.78,iOS,No,No
user_470,2023-02-21,2023-03-01,1,381.71,Android,Yes,No
user_471,2023-01-10,2023-01-16,1,226.09,iOS,No,No
user_472,2023-01-19,2023-01-22,5,1217.15,Android,Yes,Yes
user_473,2023-02-27,2023-03-02,1,286.47,iOS,Yes,No
user_474,2023-01-01,2023-01-08,1,344.63,Android,No,No
user_475,2023-03-10,2023-03-13,1,208.63,Android,Yes,No
user_476,2023-01-04,2023-01-09,1,297.26,Android,Yes,No
user_477,2023-01-16,2023-01-20,1,276.29,Android,Yes,No
user_478,2023-01-24,2023-01-26,1,366.3,iOS,No,No
user_479,2023-03-21,2023-03-30,1,216.15,Android,Yes,No
user_480,2023-01-02,2023-01-03,3,913.89,Android,No,Yes
user_481,2023-02-01,2023-02-09,20,5606.4,Android,Yes,Yes
user_482,2023-03-25,2023-04-03,1,373.49,iOS,Yes,No
user_483,2023-01-24,2023-02-01,1,329.88,Android,No,No
user_484,2023-01-12,2023-01-12,4,1082.84,Android,No,Yes
user_485,2023-02-19,2023-02-28,1,342.67,Android,No,No
user_486,2023-02-04,2023-02-06,1,280.56,Android,No,No
user_487,2023-02-02,2023-02-09,4,1399.88,Android,Yes,Yes
user_488,2023-02-02,2023-02-07,1,288.15,Android,Yes,No
user_489,2023-03-02,2023-03-06,2,705.46,Android,Yes,Yes
user_490,2023-02-20,2023-02-24,2,643.6,iOS,No,Yes
user_491,2023-02-12,2023-02-17,1,463.02,iOS,No,No
user_492,2023-01-12,2023-01-18,1,297.36,Android,Yes,No
user_493,2023-03-08,2023-03-08,3,957.42,iOS,Yes,Yes
user_494,2023-03-06,2023-03-14,1,276.03,Android,Yes,No
user_495,2023-02-02,2023-02-04,1,300.13,Android,No,No
user_496,2023-02-09,2023-02-12,3,494.73,Android,Yes,Yes
user_497,2023-03-15,2023-03-24,2,646.56,Android,Yes,Yes
user_498,2023-02-12,2023-02-12,1,367.14,Android,Yes,No
user_499,2023-02-13,2023-02-22,5,1599.1499999999999,Android,No,Yes
user_500,2023-01-29,2023-01-31,1,234.31,Android,No,No
user_501,2023-01-13,2023-01-14,4,1039.64,iOS,No,Yes
user_502,2023-01-12,2023-01-13,3,535.47,Android,Yes,Yes
user_503,2023-02-15,2023-02-15,2,697.9,Android,Yes,Yes
user_504,2023-01-02,2023-01-09,1,249.67,Android,No,No
user_505,2023-02-04,2023-02-06,20,5971.2,Android,No,Yes
user_506,2023-03-28,2023-03-30,1,292.31,Android,Yes,No
user_507,2023-03-22,2023-03-27,3,1123.17,Android,Yes,Yes
user_508,2023-03-31,2023-04-07,1,304.26,iOS,Yes,No
user_509,2023-01-08,2023-01-16,1,340.44,Android,Yes,No
user_510,2023-01-26,2023-02-03,1,327.32,Android,No,No
user_511,2023-03-15,2023-03-18,10,3679.7000000000003,Android,Yes,Yes
user_512,2023-03-31,2023-04-04,10,2880.4,Android,Yes,Yes
user_513,2023-02-03,2023-02-04,1,393.48,Android,Yes,No
user_514,2023-01-07,2023-01-15,1,200.72,Android,Yes,No
user_515,2023-03-09,2023-03-16,3,1028.6100000000001,Android,Yes,Yes
user_516,2023-02-27,2023-03-01,1,256.67,Android,Yes,No
user_517,2023-03-16,2023-03-24,1,275.36,Android,Yes,No
user_518,2023-01-29,2023-01-31,2,656.94,Android,No,Yes
user_519,2023-02-05,2023-02-13,2,656.14,Android,Yes,Yes
user_520,2023-03-30,2023-03-31,20,6606.4,Android,Yes,Yes
user_521,2023-01-21,2023-01-30,1,230.69,Android,No,No
user_522,2023-02-05,2023-02-13,1,372.45,Android,No,No
user_523,2023-01-10,2023-01-17,2,509.94,Android,No,Yes
user_524,2023-03-14,2023-03-22,3,784.92,Android,Yes,Yes
user_525,2023-01-24,2023-01-28,2,663.78,Android,Yes,Yes
user_526,2023-03-05,2023-03-06,2,571.32,Android,Yes,Yes
user_527,2023-02-18,2023-02-25,1,315.41,iOS,Yes,No
user_528,2023-02-05,2023-02-10,4,768.68,Android,Yes,Yes
user_529,2023-03-23,2023-03-30,1,314.22,iOS,No,No
user_530,2023-01-24,2023-01-28,1,310.89,Android,Yes,No
user_531,2023-01-23,2023-02-01,2,549.02,Android,Yes,Yes
user_532,2023-03-03,2023-03-04,1,196.3,Android,Yes,No
user_533,2023-02-06,2023-02-11,1,289.36,Android,Yes,No
user_534,2023-01-12,2023-01-16,4,1192.52,Android,No,Yes
user_535,2023-02-24,2023-02-28,1,281.64,Android,Yes,No
user_536,2023-01-13,2023-01-13,3,624.5699999999999,Android,No,Yes
user_537,2023-01-23,2023-01-24,1,379.74,Android,No,No
user_538,2023-03-30,2023-04-06,3,804.1800000000001,iOS,Yes,Yes
user_539,2023-01-30,2023-02-01,1,288.89,iOS,Yes,No
user_540,2023-01-17,2023-01-26,1,179.53,Android,No,No
user_541,2023-03-03,2023-03-05,20,7594.8,Android,No,Yes
user_542,2023-03-25,2023-04-01,3,830.01,Android,Yes,Yes
user_543,2023-03-30,2023-04-06,1,304.92,Android,No,No
user_544,2023-03-27,2023-03-28,1,356.04,Android,Yes,No
user_545,2023-01-13,2023-01-20,4,1064.72,iOS,No,Yes
user_546,2023-02-28,2023-02-28,2,696.32,Android,Yes,Yes
user_547,2023-01-19,2023-01-24,3,590.79,Android,Yes,Yes
user_548,2023-02-18,2023-02-25,3,982.6500000000001,Android,No,Yes
user_549,2023-01-12,2023-01-14,1,378.61,iOS,Yes,No
user_550,2023-03-02,2023-03-09,1,270.98,Android,Yes,No
user_551,2023-01-19,2023-01-19,2,711.88,Android,Yes,Yes
user_552,2023-03-17,2023-03-25,1,391.7,iOS,No,No
user_553,2023-01-09,2023-01-17,1,287.26,Android,No,No
user_554,2023-03-12,2023-03-16,10,2831.2,iOS,No,Yes
user_555,2023-01-28,2023-02-06,2,510.18,Android,Yes,Yes
user_556,2023-03-19,2023-03-22,3,823.53,iOS,No,Yes
user_557,2023-02-21,2023-02-26,2,518.46,Android,Yes,Yes
user_558,2023-03-24,2023-03-30,2,510.08,Android,Yes,Yes
user_559,2023-01-16,2023-01-20,1,359.94,iOS,No,No
user_560,2023-03-10,2023-03-19,1,260.5,Android,Yes,No
user_561,2023-01-12,2023-01-20,1,312.93,Android,Yes,No
user_562,2023-01-25,2023-01-27,1,301.91,Android,Yes,No
user_563,2023-02-21,2023-02-27,3,1124.6999999999998,Android,Yes,Yes
user_564,2023-03-26,2023-04-04,1,274.84,Android,No,No
user_565,2023-02-22,2023-03-03,1,319.06,Android,Yes,No
user_566,2023-01-23,2023-01-27,1,339.55,Android,No,No
user_567,2023-01-16,2023-01-22,1,374.49,Android,Yes,No
user_568,2023-02-26,2023-02-27,1,274.11,Android,Yes,No
user_569,2023-02-08,2023-02-11,1,269.11,Android,Yes,No
user_570,2023-02-22,2023-02-23,1,246.91,iOS,No,No
user_571,2023-02-11,2023-02-17,1,411.81,iOS,No,No
user_572,2023-02-27,2023-02-28,1,369.22,iOS,No,No
user_573,2023-02-08,2023-02-08,3,893.67,Android,No,Yes
user_574,2023-01-14,2023-01-22,1,396.57,Android,Yes,No
user_575,2023-01-05,2023-01-05,1,294.91,Android,No,No
user_576,2023-02-04,2023-02-11,2,672.44,Android,No,Yes
user_577,2023-03-28,2023-03-29,1,300.51,Android,No,No
user_578,2023-03-16,2023-03-23,5,1599.4499999999998,Android,Yes,Yes
user_579,2023-01-18,2023-01-20,2,629.18,Android,Yes,Yes
user_580,2023-03-17,2023-03-22,1,278.75,iOS,No,No
user_581,2023-01-09,2023-01-11,2,709.24,Android,No,Yes
user_582,2023-03-15,2023-03-21,1,335.8,Android,Yes,No
user_583,2023-02-27,2023-03-08,2,702.76,Android,No,Yes
user_584,2023-01-17,2023-01-25,1,316.01,Android,No,No
user_585,2023-01-07,2023-01-08,5,1273.35,iOS,Yes,Yes
user_586,2023-02-15,2023-02-19,1,385.47,Android,No,No
user_587,2023-01-13,2023-01-18,2,573.74,Android,Yes,Yes
user_588,2023-02-09,2023-02-12,2,636.4,Android,Yes,Yes
user_589,2023-02-11,2023-02-14,1,331.77,Android,Yes,No
user_590,2023-01-09,2023-01-12,1,317.87,Android,Yes,No
user_591,2023-02-19,2023-02-20,3,1037.31,iOS,No,Yes
user_592,2023-01-27,2023-01-30,4,1414.68,iOS,Yes,Yes
user_593,2023-03-07,2023-03-07,1,288.76,iOS,Yes,No
user_594,2023-01-05,2023-01-10,3,1143.81,Android,Yes,Yes
user_595,2023-01-29,2023-01-29,10,2866.5,iOS,Yes,Yes
user_596,2023-02-06,2023-02-15,4,1267.36,Android,Yes,Yes
user_597,2023-02-07,2023-02-12,1,280.62,Android,No,No
user_598,2023-03-24,2023-03-24,3,798.99,Android,Yes,Yes
user_599,2023-01-08,2023-01-13,1,352.21,Android,No,No
user_600,2023-03-06,2023-03-15,20,9121.8,Android,No,Yes
user_601,2023-03-27,2023-04-03,1,281.91,iOS,Yes,No
user_602,2023-01-17,2023-01-18,1,360.77,Android,No,No
user_603,2023-03-12,2023-03-13,3,851.0999999999999,Android,Yes,Yes
user_604,2023-03-30,2023-04-02,1,299.48,Android,Yes,No
user_605,2023-02-14,2023-02-16,20,7757.6,iOS,Yes,Yes
user_606,2023-01-04,2023-01-07,20,4926.4,iOS,Yes,Yes
user_607,2023-02-05,2023-02-11,2,466.18,iOS,Yes,Yes
user_608,2023-03-11,2023-03-11,1,295.64,Android,No,No
user_609,2023-01-31,2023-02-05,2,666.36,Android,Yes,Yes
user_610,2023-01-19,2023-01-21,1,323.18,Android,No,No
user_611,2023-03-02,2023-03-11,1,318.03,Android,Yes,No
user_612,2023-02-23,2023-03-01,4,1206.84,Android,No,Yes
user_613,2023-02-08,2023-02-17,1,339.33,Android,Yes,No
user_614,2023-03-15,2023-03-16,1,154.32,Android,Yes,No
user_615,2023-03-31,2023-04-01,20,5249.2,iOS,Yes,Yes
user_616,2023-01-19,2023-01-22,1,295.32,Android,Yes,No
user_617,2023-02-08,2023-02-08,1,335.23,Android,Yes,No
user_618,2023-03-08,2023-03-10,5,1872.45,Android,No,Yes
user_619,2023-02-14,2023-02-22,1,255.75,iOS,Yes,No
user_620,2023-01-13,2023-01-19,3,1118.5500000000002,iOS,No,Yes
user_621,2023-02-27,2023-03-05,20,5547.4,iOS,No,Yes
user_622,2023-01-20,2023-01-23,5,1467.5,iOS,No,Yes
user_623,2023-03-13,2023-03-14,2,658.14,Android,Yes,Yes
user_624,2023-03-02,2023-03-05,1,289.84,Android,Yes,No
user_625,2023-02-08,2023-02-13,1,355.51,Android,No,No
user_626,2023-01-01,2023-01-03,4,1119.08,Android,No,Yes
user_627,2023-01-03,2023-01-03,4,1122.08,Android,Yes,Yes
user_628,2023-03-18,2023-03-25,2,705.2,Android,Yes,Yes
user_629,2023-03-03,2023-03-07,1,261.84,iOS,Yes,No
user_630,2023-03-04,2023-03-08,1,312.45,iOS,Yes,No
user_631,2023-01-25,2023-01-28,1,216.98,iOS,No,No
user_632,2023-02-25,2023-03-02,3,1172.94,iOS,Yes,Yes
user_633,2023-02-02,2023-02-04,1,360.33,Android,Yes,No
user_634,2023-02-07,2023-02-15,5,2187.55,Android,Yes,Yes
user_635,2023-01-06,2023-01-10,3,1100.76,Android,Yes,Yes
user_636,2023-02-27,2023-03-01,1,243.52,Android,No,No
user_637,2023-02-13,2023-02-13,2,666.86,iOS,No,Yes
user_638,2023-02-14,2023-02-23,1,254.1,Android,Yes,No
user_639,2023-02-01,2023-02-06,2,757.8,iOS,No,Yes
user_640,2023-02-14,2023-02-15,3,734.8199999999999,Android,Yes,Yes
user_641,2023-03-02,2023-03-04,4,970.16,Android,Yes,Yes
user_642,2023-02-16,2023-02-16,4,878.04,Android,Yes,Yes
user_643,2023-01-21,2023-01-29,1,275.58,Android,Yes,No
user_644,2023-03-21,2023-03-28,1,265.53,Android,Yes,No
user_645,2023-03-26,2023-03-27,3,710.76,Android,Yes,Yes
user_646,2023-03-16,2023-03-23,1,399.49,iOS,No,No
user_647,2023-02-05,2023-02-13,1,326.49,Android,Yes,No
user_648,2023-01-19,2023-01-19,1,320.61,Android,No,No
user_649,2023-01-20,2023-01-24,2,758.92,Android,Yes,Yes
user_650,2023-02-26,2023-03-05,1,312.81,Android,No,No
user_651,2023-01-18,2023-01-19,2,525.14,iOS,No,Yes
user_652,2023-02-16,2023-02-19,20,4299.8,Android,Yes,Yes
user_653,2023-02-18,2023-02-24,1,259.75,iOS,No,No
user_654,2023-01-14,2023-01-16,1,375.27,Android,Yes,No
user_655,2023-01-15,2023-01-19,1,237.23,iOS,No,No
user_656,2023-01-31,2023-02-07,4,1270.64,Android,Yes,Yes
user_657,2023-01-01,2023-01-10,1,351.7,Android,No,No
user_658,2023-02-23,2023-02-25,1,314.27,Android,No,No
user_659,2023-01-03,2023-01-06,1,319.95,Android,Yes,No
user_660,2023-01-16,2023-01-24,3,998.3399999999999,Android,Yes,Yes
user_661,2023-03-28,2023-04-03,1,318.96,Android,No,No
user_662,2023-02-26,2023-02-26,3,1141.35,Android,Yes,Yes
user_663,2023-03-16,2023-03-19,5,1239.95,Android,Yes,Yes
user_664,2023-01-12,2023-01-15,1,312.02,Android,Yes,No
user_665,2023-03-15,2023-03-23,4,836.36,iOS,Yes,Yes
user_666,2023-01-16,2023-01-21,1,196.31,Android,No,No
user_667,2023-03-13,2023-03-21,5,1479.6000000000001,Android,Yes,Yes
user_668,2023-03-17,2023-03-22,2,654.34,Android,Yes,Yes
user_669,2023-01-24,2023-01-29,4,1526.12,iOS,No,Yes
user_670,2023-01-28,2023-02-01,1,420.99,Android,No,No
user_671,2023-01-08,2023-01-12,1,365.99,Android,Yes,No
user_672,2023-02-05,2023-02-06,1,336.36,iOS,Yes,No
user_673,2023-03-31,2023-04-07,1,308.0,iOS,No,No
user_674,2023-01-08,2023-01-15,1,223.44,Android,No,No
user_675,2023-02-27,2023-02-27,1,292.7,Android,Yes,No
user_676,2023-03-01,2023-03-08,1,364.52,iOS,Yes,No
user_677,2023-02-19,2023-02-23,1,344.91,Android,Yes,No
user_678,2023-01-28,2023-01-29,4,942.72,Android,Yes,Yes
user_679,2023-02-10,2023-02-11,1,330.7,Android,Yes,No
user_680,2023-03-05,2023-03-10,1,326.42,iOS,No,No
user_681,2023-01-27,2023-02-04,1,317.49,Android,Yes,No
user_682,2023-03-04,2023-03-04,1,298.61,iOS,No,No
user_683,2023-01-17,2023-01-22,10,3332.7999999999997,Android,Yes,Yes
user_684,2023-03-14,2023-03-22,1,334.87,Android,No,No
user_685,2023-02-02,2023-02-09,3,803.79,Android,No,Yes
user_686,2023-03-25,2023-03-30,20,6455.0,Android,Yes,Yes
user_687,2023-03-18,2023-03-20,4,1162.12,iOS,Yes,Yes
user_688,2023-01-29,2023-02-05,2,451.28,iOS,Yes,Yes
user_689,2023-01-13,2023-01-21,4,1087.68,Android,No,Yes
user_690,2023-02-15,2023-02-15,20,4436.4,Android,No,Yes
user_691,2023-02-04,2023-02-12,2,698.0,Android,Yes,Yes
user_692,2023-01-06,2023-01-11,2,635.58,Android,Yes,Yes
user_693,2023-03-23,2023-03-28,2,564.46,Android,Yes,Yes
user_694,2023-03-10,2023-03-13,2,742.06,Android,No,Yes
user_695,2023-02-16,2023-02-16,2,606.8,Android,Yes,Yes
user_696,2023-01-25,2023-02-03,1,228.44,iOS,Yes,No
user_697,2023-03-07,2023-03-14,1,278.03,iOS,Yes,No
user_698,2023-01-10,2023-01-11,1,381.64,Android,Yes,No
user_699,2023-02-25,2023-02-25,1,266.53,iOS,No,No
user_700,2023-01-30,2023-01-31,1,313.76,Android,Yes,No
user_701,2023-01-05,2023-01-05,1,337.19,Android,No,No
user_702,2023-02-02,2023-02-02,2,659.0,Android,Yes,Yes
user_703,2023-03-06,2023-03-14,1,422.47,Android,Yes,No
user_704,2023-01-18,2023-01-18,4,964.72,Android,No,Yes
user_705,2023-02-18,2023-02-21,1,246.18,Android,No,No
user_706,2023-01-11,2023-01-20,1,242.01,iOS,No,No
user_707,2023-03-26,2023-03-31,3,855.5999999999999,iOS,Yes,Yes
user_708,2023-01-26,2023-02-01,2,709.94,Android,Yes,Yes
user_709,2023-03-04,2023-03-05,1,248.41,iOS,No,No
user_710,2023-03-30,2023-04-04,4,1422.68,Android,Yes,Yes
user_711,2023-03-27,2023-04-02,4,1207.04,Android,Yes,Yes
user_712,2023-02-28,2023-03-09,1,244.55,Android,No,No
user_713,2023-01-27,2023-02-05,1,212.43,Android,No,No
user_714,2023-02-18,2023-02-19,20,4472.4,Android,No,Yes
user_715,2023-03-18,2023-03-19,2,533.42,Android,No,Yes
user_716,2023-02-02,2023-02-11,2,583.08,Android,No,Yes
user_717,2023-01-01,2023-01-07,4,1469.2,iOS,Yes,Yes
user_718,2023-01-21,2023-01-21,1,339.95,Android,Yes,No
user_719,2023-02-24,2023-03-03,1,258.05,Android,Yes,No
user_720,2023-01-06,2023-01-08,1,320.43,Android,Yes,No
user_721,2023-03-22,2023-03-27,3,1147.74,Android,Yes,Yes
user_722,2023-03-10,2023-03-18,2,787.4,Android,Yes,Yes
user_723,2023-01-05,2023-01-10,2,568.56,iOS,Yes,Yes
user_724,2023-01-03,2023-01-11,1,347.91,Android,Yes,No
user_725,2023-02-22,2023-02-28,1,369.5,Android,Yes,No
user_726,2023-01-23,2023-01-31,1,224.65,Android,Yes,No
user_727,2023-02-22,2023-02-23,3,823.14,Android,Yes,Yes
user_728,2023-02-06,2023-02-13,2,822.0,Android,No,Yes
user_729,2023-03-15,2023-03-22,1,284.95,Android,Yes,No
user_730,2023-03-15,2023-03-16,4,614.2,iOS,Yes,Yes
user_731,2023-03-24,2023-03-27,1,293.95,Android,No,No
user_732,2023-01-17,2023-01-23,10,3562.3,Android,Yes,Yes
user_733,2023-03-26,2023-03-29,1,300.33,Android,Yes,No
user_734,2023-03-19,2023-03-22,2,671.54,Android,Yes,Yes
user_735,2023-03-14,2023-03-19,1,346.91,Android,Yes,No
user_736,2023-01-01,2023-01-10,5,1411.25,iOS,No,Yes
user_737,2023-02-20,2023-02-25,1,274.03,Android,Yes,No
user_738,2023-02-14,2023-02-23,1,307.67,Android,No,No
user_739,2023-03-18,2023-03-20,1,308.89,Android,Yes,No
user_740,2023-01-04,2023-01-12,1,302.7,Android,Yes,No
user_741,2023-03-03,2023-03-12,1,304.76,Android,Yes,No
user_742,2023-03-06,2023-03-07,10,2625.7,Android,Yes,Yes
user_743,2023-02-01,2023-02-06,1,337.51,Android,Yes,No
user_744,2023-02-03,2023-02-09,3,989.8799999999999,Android,Yes,Yes
user_745,2023-03-13,2023-03-21,2,466.4,iOS,Yes,Yes
user_746,2023-02-08,2023-02-10,2,561.08,Android,No,Yes
user_747,2023-01-26,2023-02-04,1,304.65,Android,Yes,No
user_748,2023-02-03,2023-02-05,1,273.28,Android,No,No
user_749,2023-02-23,2023-03-01,3,995.61,Android,No,Yes
user_750,2023-01-03,2023-01-06,20,5933.200000000001,Android,Yes,Yes
user_751,2023-02-19,2023-02-26,1,308.45,Android,Yes,No
user_752,2023-01-12,2023-01-18,1,279.96,Android,Yes,No
user_753,2023-03-06,2023-03-10,1,200.34,Android,No,No
user_754,2023-02-23,2023-03-01,20,3949.6,Android,Yes,Yes
user_755,2023-01-05,2023-01-07,1,329.48,Android,No,No
user_756,2023-02-26,2023-02-27,1,313.35,iOS,Yes,No
user_757,2023-01-17,2023-01-22,5,1609.65,Android,No,Yes
user_758,2023-02-16,2023-02-17,1,306.72,Android,Yes,No
user_759,2023-01-23,2023-01-25,1,310.73,Android,No,No
user_760,2023-03-20,2023-03-25,2,696.9,Android,Yes,Yes
user_761,2023-03-26,2023-03-30,5,1611.15,Android,Yes,Yes
user_762,2023-01-14,2023-01-21,1,352.05,Android,Yes,No
user_763,2023-03-07,2023-03-15,1,308.57,iOS,Yes,No
user_764,2023-03-16,2023-03-18,1,284.98,Android,No,No
user_765,2023-02-20,2023-03-01,1,309.71,Android,Yes,No
user_766,2023-02-07,2023-02-09,2,516.38,Android,Yes,Yes
user_767,2023-03-05,2023-03-07,1,281.01,Android,Yes,No
user_768,2023-02-07,2023-02-12,1,308.88,Android,Yes,No
user_769,2023-02-19,2023-02-19,1,308.22,iOS,Yes,No
user_770,2023-03-23,2023-03-29,2,589.36,Android,No,Yes
user_771,2023-01-30,2023-01-30,2,461.18,iOS,Yes,Yes
user_772,2023-03-20,2023-03-24,4,1327.28,iOS,No,Yes
user_773,2023-02-20,2023-03-01,1,341.71,iOS,Yes,No
user_774,2023-03-04,2023-03-11,4,1528.72,Android,Yes,Yes
user_775,2023-02-21,2023-02-24,4,1288.36,Android,No,Yes
user_776,2023-02-07,2023-02-11,1,300.07,Android,No,No
user_777,2023-03-29,2023-04-01,1,249.35,Android,Yes,No
user_778,2023-03-20,2023-03-23,1,374.6,Android,No,No
user_779,2023-01-30,2023-02-06,1,312.39,iOS,Yes,No
user_780,2023-02-20,2023-02-21,1,309.67,Android,Yes,No
user_781,2023-03-22,2023-03-22,1,287.3,Android,No,No
user_782,2023-01-05,2023-01-07,1,284.1,Android,Yes,No
user_783,2023-01-29,2023-02-06,4,1337.64,Android,Yes,Yes
user_784,2023-01-04,2023-01-07,1,248.93,Android,No,No
user_785,2023-01-10,2023-01-19,4,1525.08,iOS,No,Yes
user_786,2023-02-25,2023-03-01,2,740.76,Android,Yes,Yes
user_787,2023-01-17,2023-01-18,4,1129.2,iOS,Yes,Yes
user_788,2023-03-15,2023-03-18,2,513.62,iOS,Yes,Yes
user_789,2023-01-17,2023-01-18,1,199.24,iOS,No,No
user_790,2023-03-25,2023-03-26,2,474.86,Android,No,Yes
user_791,2023-03-29,2023-04-01,1,336.5,iOS,Yes,No
user_792,2023-03-10,2023-03-15,1,315.77,Android,Yes,No
user_793,2023-02-03,2023-02-09,5,1623.4,Android,Yes,Yes
user_794,2023-01-06,2023-01-15,1,207.72,Android,No,No
user_795,2023-02-22,2023-02-24,1,280.21,Android,No,No
user_796,2023-03-07,2023-03-09,3,1105.08,Android,No,Yes
user_797,2023-03-18,2023-03-27,5,1476.0,Android,No,Yes
user_798,2023-02-12,2023-02-17,2,472.78,Android,Yes,Yes
user_799,2023-03-16,2023-03-18,1,294.42,iOS,Yes,No
user_800,2023-01-23,2023-01-24,2,522.9,Android,Yes,Yes
user_801,2023-02-24,2023-03-03,1,316.68,Android,Yes,No
user_802,2023-03-21,2023-03-25,3,903.0899999999999,Android,Yes,Yes
user_803,2023-03-16,2023-03-16,10,3271.6000000000004,Android,Yes,Yes
user_804,2023-01-16,2023-01-18,3,717.3,iOS,No,Yes
user_805,2023-01-08,2023-01-17,4,1110.24,Android,No,Yes
user_806,2023-01-04,2023-01-11,1,354.52,Android,Yes,No
user_807,2023-01-04,2023-01-07,3,696.87,Android,Yes,Yes
user_808,2023-02-25,2023-03-03,4,999.36,iOS,Yes,Yes
user_809,2023-01-25,2023-02-03,1,309.96,Android,No,No
user_810,2023-03-08,2023-03-09,4,1257.36,iOS,No,Yes
user_811,2023-03-08,2023-03-14,1,275.56,Android,Yes,No
user_812,2023-01-27,2023-01-31,2,572.16,Android,Yes,Yes
user_813,2023-02-01,2023-02-05,4,1306.64,Android,Yes,Yes
user_814,2023-02-19,2023-02-24,2,684.96,iOS,Yes,Yes
user_815,2023-03-02,2023-03-10,1,246.54,Android,Yes,No
user_816,2023-02-20,2023-02-25,2,636.44,Android,No,Yes
user_817,2023-01-19,2023-01-26,2,751.2,Android,No,Yes
user_818,2023-01-21,2023-01-27,5,1471.05,Android,Yes,Yes
user_819,2023-01-05,2023-01-13,1,246.01,Android,No,No
user_820,2023-03-23,2023-03-26,1,243.7,iOS,No,No
user_821,2023-02-11,2023-02-12,3,875.8799999999999,Android,Yes,Yes
user_822,2023-03-02,2023-03-08,1,351.79,Android,Yes,No
user_823,2023-01-22,2023-01-27,2,595.92,iOS,No,Yes
user_824,2023-01-21,2023-01-21,2,618.92,Android,Yes,Yes
user_825,2023-03-11,2023-03-19,5,1250.9,Android,No,Yes
user_826,2023-01-01,2023-01-09,2,698.32,Android,No,Yes
user_827,2023-01-05,2023-01-06,2,485.44,Android,No,Yes
user_828,2023-01-12,2023-01-14,1,274.78,Android,No,No
user_829,2023-03-31,2023-04-04,1,331.5,Android,No,No
user_830,2023-02-15,2023-02-19,1,198.03,Android,No,No
user_831,2023-02-03,2023-02-03,1,308.7,Android,Yes,No
user_832,2023-02-18,2023-02-25,2,496.1,iOS,Yes,Yes
user_833,2023-03-19,2023-03-26,3,902.49,iOS,Yes,Yes
user_834,2023-03-31,2023-04-03,2,564.8,iOS,No,Yes
user_835,2023-02-14,2023-02-20,4,1621.16,iOS,Yes,Yes
user_836,2023-01-27,2023-02-05,20,5606.799999999999,Android,Yes,Yes
user_837,2023-03-14,2023-03-16,4,1568.52,iOS,Yes,Yes
user_838,2023-01-26,2023-01-31,2,658.7,Android,No,Yes
user_839,2023-02-16,2023-02-25,2,519.86,Android,No,Yes
user_840,2023-03-27,2023-04-05,1,316.54,Android,No,No
user_841,2023-02-25,2023-03-05,1,284.78,Android,Yes,No
user_842,2023-03-04,2023-03-04,1,312.11,iOS,No,No
user_843,2023-02-17,2023-02-21,5,1321.55,iOS,No,Yes
user_844,2023-03-02,2023-03-05,4,1538.04,Android,Yes,Yes
user_845,2023-03-22,2023-03-29,1,346.27,iOS,Yes,No
user_846,2023-01-26,2023-01-26,1,301.59,Android,Yes,No
user_847,2023-02-05,2023-02-13,4,1545.84,Android,No,Yes
user_848,2023-01-01,2023-01-06,1,303.71,Android,Yes,No
user_849,2023-01-08,2023-01-11,1,354.88,Android,Yes,No
user_850,2023-02-21,2023-03-01,4,1207.68,iOS,No,Yes
user_851,2023-03-20,2023-03-24,1,319.69,iOS,Yes,No
user_852,2023-02-16,2023-02-20,1,295.93,iOS,Yes,No
user_853,2023-02-25,2023-03-01,2,609.54,Android,No,Yes
user_854,2023-03-27,2023-03-27,4,1234.12,iOS,Yes,Yes
user_855,2023-01-14,2023-01-14,2,533.02,Android,No,Yes
user_856,2023-03-31,2023-04-07,1,279.95,iOS,Yes,No
user_857,2023-01-28,2023-02-04,1,289.16,Android,No,No
user_858,2023-03-28,2023-04-02,1,311.49,Android,No,No
user_859,2023-03-19,2023-03-22,2,596.94,Android,Yes,Yes
user_860,2023-03-29,2023-03-30,3,1075.9499999999998,Android,Yes,Yes
user_861,2023-01-02,2023-01-03,1,342.36,Android,No,No
user_862,2023-01-26,2023-02-03,5,1450.9,Android,No,Yes
user_863,2023-01-14,2023-01-18,1,369.09,Android,No,No
user_864,2023-02-28,2023-03-03,1,393.65,Android,No,No
user_865,2023-02-25,2023-03-06,1,197.81,Android,Yes,No
user_866,2023-01-07,2023-01-07,1,346.61,Android,Yes,No
user_867,2023-01-03,2023-01-09,2,530.7,Android,No,Yes
user_868,2023-01-23,2023-01-25,2,680.08,Android,Yes,Yes
user_869,2023-01-18,2023-01-23,1,361.91,Android,Yes,No
user_870,2023-02-07,2023-02-11,2,512.3,iOS,Yes,Yes
user_871,2023-01-15,2023-01-19,1,207.38,iOS,Yes,No
user_872,2023-03-05,2023-03-09,3,1025.31,Android,Yes,Yes
user_873,2023-03-30,2023-03-30,10,3067.7,iOS,No,Yes
user_874,2023-01-28,2023-01-28,1,216.58,iOS,Yes,No
user_875,2023-03-15,2023-03-17,2,852.96,iOS,Yes,Yes
user_876,2023-02-08,2023-02-17,1,331.22,Android,No,No
user_877,2023-02-26,2023-03-01,1,333.51,Android,No,No
user_878,2023-01-17,2023-01-21,1,368.29,Android,Yes,No
user_879,2023-03-27,2023-03-28,3,812.8799999999999,Android,Yes,Yes
user_880,2023-03-31,2023-04-07,2,613.04,Android,No,Yes
user_881,2023-02-13,2023-02-14,1,234.03,Android,No,No
user_882,2023-01-25,2023-02-02,4,1078.4,iOS,No,Yes
user_883,2023-01-17,2023-01-18,2,638.56,iOS,No,Yes
user_884,2023-01-13,2023-01-21,4,866.96,Android,No,Yes
user_885,2023-03-25,2023-03-31,2,536.38,Android,Yes,Yes
user_886,2023-01-25,2023-02-01,2,507.2,Android,No,Yes
user_887,2023-03-09,2023-03-10,1,307.1,iOS,Yes,No
user_888,2023-01-10,2023-01-16,1,328.74,Android,No,No
user_889,2023-03-08,2023-03-13,20,6742.200000000001,Android,No,Yes
user_890,2023-01-18,2023-01-21,1,349.94,Android,Yes,No
user_891,2023-03-27,2023-04-02,20,7372.200000000001,Android,Yes,Yes
user_892,2023-02-03,2023-02-06,2,660.72,Android,Yes,Yes
user_893,2023-01-08,2023-01-09,1,394.37,Android,Yes,No
user_894,2023-02-09,2023-02-18,1,305.98,iOS,No,No
user_895,2023-03-24,2023-03-30,1,291.33,iOS,Yes,No
user_896,2023-02-11,2023-02-18,5,1651.85,iOS,No,Yes
user_897,2023-02-10,2023-02-11,1,289.18,iOS,Yes,No
user_898,2023-01-06,2023-01-10,1,392.63,Android,No,No
user_899,2023-02-21,2023-02-21,1,356.55,Android,No,No
user_900,2023-01-26,2023-02-01,1,337.51,iOS,No,No
user_901,2023-03-05,2023-03-12,1,306.57,iOS,Yes,No
user_902,2023-02-28,2023-03-05,1,279.63,Android,No,No
user_903,2023-02-25,2023-03-01,4,1340.28,Android,Yes,Yes
user_904,2023-02-28,2023-03-05,1,243.65,Android,Yes,No
user_905,2023-03-11,2023-03-12,1,376.72,Android,Yes,No
user_906,2023-02-02,2023-02-02,1,291.12,Android,Yes,No
user_907,2023-02-22,2023-02-28,1,315.26,Android,No,No
user_908,2023-01-22,2023-01-28,20,5090.400000000001,Android,Yes,Yes
user_909,2023-01-21,2023-01-30,2,672.3,Android,No,Yes
user_910,2023-03-11,2023-03-20,1,277.31,iOS,No,No
user_911,2023-03-11,2023-03-12,2,664.92,Android,Yes,Yes
user_912,2023-01-04,2023-01-05,1,337.87,Android,No,No
user_913,2023-03-16,2023-03-16,1,267.62,Android,Yes,No
user_914,2023-03-03,2023-03-12,20,4876.4,iOS,Yes,Yes
user_915,2023-03-03,2023-03-10,3,1129.77,Android,Yes,Yes
user_916,2023-01-24,2023-01-31,20,5807.799999999999,iOS,No,Yes
user_917,2023-02-24,2023-02-24,1,311.24,Android,No,No
user_918,2023-01-09,2023-01-16,2,648.54,iOS,Yes,Yes
user_919,2023-01-03,2023-01-11,1,237.31,iOS,Yes,No
user_920,2023-01-31,2023-02-03,1,323.13,Android,No,No
user_921,2023-02-09,2023-02-09,4,1219.84,Android,Yes,Yes
user_922,2023-02-05,2023-02-05,1,267.82,Android,No,No
user_923,2023-01-24,2023-01-26,4,968.68,Android,Yes,Yes
user_924,2023-01-06,2023-01-10,3,990.8700000000001,Android,Yes,Yes
user_925,2023-03-07,2023-03-11,1,356.39,Android,No,No
user_926,2023-03-25,2023-04-02,2,617.86,Android,Yes,Yes
user_927,2023-03-16,2023-03-25,2,456.56,Android,No,Yes
user_928,2023-01-04,2023-01-05,1,247.13,Android,No,No
user_929,2023-03-20,2023-03-21,4,1113.56,Android,Yes,Yes
user_930,2023-01-06,2023-01-11,2,756.46,Android,Yes,Yes
user_931,2023-02-20,2023-02-28,1,287.66,Android,No,No
user_932,2023-03-03,2023-03-03,2,553.14,Android,No,Yes
user_933,2023-02-26,2023-03-06,20,4326.6,Android,Yes,Yes
user_934,2023-03-07,2023-03-15,1,267.17,iOS,No,No
user_935,2023-03-20,2023-03-28,4,953.4,Android,Yes,Yes
user_936,2023-03-16,2023-03-20,1,249.84,Android,Yes,No
user_937,2023-01-08,2023-01-16,3,918.0,Android,No,Yes
user_938,2023-01-26,2023-01-29,3,839.8199999999999,iOS,Yes,Yes
user_939,2023-02-20,2023-02-21,1,384.97,iOS,No,No
user_940,2023-02-14,2023-02-19,1,353.9,iOS,Yes,No
user_941,2023-02-13,2023-02-16,3,808.6800000000001,Android,No,Yes
user_942,2023-01-05,2023-01-10,1,254.16,Android,Yes,No
user_943,2023-03-11,2023-03-13,3,1107.3899999999999,Android,Yes,Yes
user_944,2023-01-26,2023-01-31,1,383.0,Android,No,No
user_945,2023-03-09,2023-03-10,4,761.16,iOS,Yes,Yes
user_946,2023-01-19,2023-01-20,3,913.92,Android,Yes,Yes
user_947,2023-03-25,2023-04-02,5,1437.0500000000002,iOS,Yes,Yes
user_948,2023-01-20,2023-01-26,1,332.46,Android,Yes,No
user_949,2023-01-12,2023-01-14,2,794.26,iOS,No,Yes
user_950,2023-02-16,2023-02-16,2,551.6,Android,Yes,Yes
user_951,2023-01-01,2023-01-08,1,196.97,Android,Yes,No
user_952,2023-03-31,2023-04-05,1,328.95,Android,Yes,No
user_953,2023-01-14,2023-01-20,1,369.5,Android,Yes,No
user_954,2023-03-05,2023-03-13,3,854.4300000000001,Android,Yes,Yes
user_955,2023-02-07,2023-02-11,2,529.5,iOS,Yes,Yes
user_956,2023-02-06,2023-02-06,1,278.14,Android,Yes,No
user_957,2023-01-11,2023-01-20,2,685.02,Android,No,Yes
user_958,2023-03-18,2023-03-24,1,277.28,Android,No,No
user_959,2023-01-03,2023-01-07,1,316.44,Android,Yes,No
user_960,2023-02-02,2023-02-04,10,3013.8999999999996,iOS,Yes,Yes
user_961,2023-01-06,2023-01-14,10,2962.3,iOS,Yes,Yes
user_962,2023-02-19,2023-02-19,2,670.12,iOS,Yes,Yes
user_963,2023-01-10,2023-01-10,1,276.07,iOS,Yes,No
user_964,2023-01-05,2023-01-05,3,835.4100000000001,iOS,Yes,Yes
user_965,2023-01-23,2023-01-25,1,339.88,Android,Yes,No
user_966,2023-01-10,2023-01-15,1,250.65,iOS,Yes,No
user_967,2023-02-13,2023-02-22,1,255.99,Android,Yes,No
user_968,2023-01-02,2023-01-04,2,473.96,Android,Yes,Yes
user_969,2023-01-13,2023-01-20,2,684.9,Android,Yes,Yes
user_970,2023-02-09,2023-02-18,1,294.74,iOS,Yes,No
user_971,2023-01-02,2023-01-03,2,468.64,iOS,Yes,Yes
user_972,2023-03-25,2023-04-02,5,1713.45,Android,Yes,Yes
user_973,2023-03-06,2023-03-08,1,272.22,iOS,Yes,No
user_974,2023-03-04,2023-03-08,3,769.26,iOS,Yes,Yes
user_975,2023-03-14,2023-03-23,5,1451.1000000000001,Android,Yes,Yes
user_976,2023-01-17,2023-01-24,1,373.94,Android,Yes,No
user_977,2023-01-09,2023-01-10,1,280.25,iOS,Yes,No
user_978,2023-03-16,2023-03-21,2,657.54,Android,Yes,Yes
user_979,2023-01-15,2023-01-19,2,672.7,Android,No,Yes
user_980,2023-01-24,2023-02-02,4,1288.64,Android,Yes,Yes
user_981,2023-02-07,2023-02-15,1,363.55,Android,Yes,No
user_982,2023-02-04,2023-02-08,20,5292.799999999999,iOS,No,Yes
user_983,2023-02-18,2023-02-19,1,247.83,Android,Yes,No
user_984,2023-03-10,2023-03-14,1,246.85,iOS,Yes,No
user_985,2023-03-03,2023-03-06,2,585.56,iOS,No,Yes
user_986,2023-03-01,2023-03-07,1,252.65,iOS,No,No
user_987,2023-02-19,2023-02-24,1,307.38,Android,Yes,No
user_988,2023-03-19,2023-03-20,1,303.85,Android,Yes,No
user_989,2023-03-16,2023-03-20,1,350.93,Android,Yes,No
user_990,2023-01-09,2023-01-15,1,314.56,Android,Yes,No
user_991,2023-02-03,2023-02-09,20,5583.8,iOS,Yes,Yes
user_992,2023-03-17,2023-03-21,1,320.54,Android,Yes,No
user_993,2023-02-04,2023-02-12,3,745.47,Android,Yes,Yes
user_994,2023-01-01,2023-01-04,3,894.27,Android,No,Yes
user_995,2023-02-09,2023-02-11,5,1579.8500000000001,iOS,No,Yes
user_996,2023-03-05,2023-03-08,1,306.47,iOS,Yes,No
user_997,2023-01-22,2023-01-26,4,1283.0,Android,No,Yes
user_998,2023-03-01,2023-03-06,2,535.6,iOS,Yes,Yes
user_999,2023-03-05,2023-03-07,2,715.2,Android,No,Yes
user_1000,2023-03-13,2023-03-14,2,782.22,Android,Yes,Yes
